experiment,group,tree_candidate,base_weight,score,nmae,ficr
groupwise_extra_tree_kpx_group_2,kpx_group_2,own_tree_raw,0.8500000000000001,0.652986099651369,0.1256243368292141,0.43159653613195215
global_blend_own_tree_raw,kpx_group_2,own_tree_raw,0.8500000000000001,0.652986099651369,0.1256243368292141,0.43159653613195215
global_blend_own_tree_calibrated,kpx_group_2,own_tree_calibrated,0.7000000000000001,0.6527913480699373,0.12507915219657761,0.43066184833645227
groupwise_extra_tree_kpx_group_2,kpx_group_2,own_tree_calibrated,0.7000000000000001,0.6527913480699373,0.12507915219657761,0.43066184833645227
groupwise_extra_tree_kpx_group_2,kpx_group_2,own_tree_raw,0.8,0.6524308537318184,0.125073656470889,0.42993536393452586
global_blend_own_tree_raw,kpx_group_2,own_tree_raw,0.8,0.6524308537318184,0.125073656470889,0.42993536393452586
global_blend_own_tree_calibrated,kpx_group_2,own_tree_calibrated,0.6000000000000001,0.6522655151317263,0.12469481733353711,0.4292258475969897
groupwise_extra_tree_kpx_group_2,kpx_group_2,own_tree_calibrated,0.6000000000000001,0.6522655151317263,0.12469481733353711,0.4292258475969897
groupwise_extra_tree_kpx_group_2,kpx_group_2,own_tree_raw,0.75,0.6521160417550121,0.1245965529009408,0.4288286364109651
global_blend_own_tree_raw,kpx_group_2,own_tree_raw,0.75,0.6521160417550121,0.1245965529009408,0.4288286364109651
groupwise_extra_tree_kpx_group_2,kpx_group_2,own_tree_calibrated,0.8500000000000001,0.6520756395905439,0.12611578201412885,0.4302670611952168
global_blend_own_tree_calibrated,kpx_group_2,own_tree_calibrated,0.8500000000000001,0.6520756395905439,0.12611578201412885,0.4302670611952168
groupwise_extra_tree_kpx_group_2,kpx_group_2,own_tree_raw,0.9,0.652061928959183,0.12626230764264443,0.4303861655610105
global_blend_own_tree_raw,kpx_group_2,own_tree_raw,0.9,0.652061928959183,0.12626230764264443,0.4303861655610105
global_blend_own_tree_calibrated,kpx_group_2,own_tree_calibrated,0.75,0.6520049903858671,0.12536451804499166,0.4293744988167259
groupwise_extra_tree_kpx_group_2,kpx_group_2,own_tree_calibrated,0.75,0.6520049903858671,0.12536451804499166,0.4293744988167259
groupwise_extra_tree_kpx_group_2,kpx_group_2,own_tree_calibrated,0.65,0.6519828392758688,0.12485752023188956,0.4288231987836271
global_blend_own_tree_calibrated,kpx_group_2,own_tree_calibrated,0.65,0.6519828392758688,0.12485752023188956,0.4288231987836271
groupwise_extra_tree_kpx_group_2,kpx_group_2,own_tree_raw,0.65,0.6518755296193915,0.12386013102022675,0.4276111902590098
global_blend_own_tree_raw,kpx_group_2,own_tree_raw,0.65,0.6518755296193915,0.12386013102022675,0.4276111902590098
groupwise_extra_tree_kpx_group_2,kpx_group_2,own_tree_raw,0.6000000000000001,0.6516804564781524,0.12359736502894482,0.42695827798524977
global_blend_own_tree_raw,kpx_group_2,own_tree_raw,0.6000000000000001,0.6516804564781524,0.12359736502894482,0.42695827798524977
global_blend_own_tree_raw,kpx_group_2,own_tree_raw,1.0,0.6516687277485201,0.12775069227753513,0.4310881477745753
global_blend_own_tree_calibrated,kpx_group_2,own_tree_calibrated,1.0,0.6516687277485201,0.12775069227753513,0.4310881477745753
groupwise_extra_tree_kpx_group_2,kpx_group_2,own_tree_raw,1.0,0.6516687277485201,0.12775069227753513,0.4310881477745753
groupwise_extra_tree_kpx_group_2,kpx_group_2,own_tree_calibrated,1.0,0.6516687277485201,0.12775069227753513,0.4310881477745753
current_best,kpx_group_2,none,1.0,0.6516687277485201,0.12775069227753513,0.4310881477745753
global_blend_own_tree_raw,kpx_group_2,own_tree_raw,0.7000000000000001,0.6514608035305312,0.12419416657376126,0.42711577363482345
groupwise_extra_tree_kpx_group_2,kpx_group_2,own_tree_raw,0.7000000000000001,0.6514608035305312,0.12419416657376126,0.42711577363482345
groupwise_extra_tree_kpx_group_2,kpx_group_2,own_tree_calibrated,0.55,0.6514318059665798,0.124607574973538,0.4274711869066977
global_blend_own_tree_calibrated,kpx_group_2,own_tree_calibrated,0.55,0.6514318059665798,0.124607574973538,0.4274711869066977
global_blend_own_tree_calibrated,kpx_group_2,own_tree_calibrated,0.8,0.6513430554724661,0.12571026433529991,0.428396375280232
groupwise_extra_tree_kpx_group_2,kpx_group_2,own_tree_calibrated,0.8,0.6513430554724661,0.12571026433529991,0.428396375280232
groupwise_extra_tree_kpx_group_2,kpx_group_2,own_tree_calibrated,0.5,0.6511756277663188,0.12459929182964354,0.4269505473622811
global_blend_own_tree_calibrated,kpx_group_2,own_tree_calibrated,0.5,0.6511756277663188,0.12459929182964354,0.4269505473622811
global_blend_own_tree_raw,kpx_group_2,own_tree_raw,0.9500000000000001,0.6511057310917602,0.1269738978323635,0.42918536001588387
groupwise_extra_tree_kpx_group_2,kpx_group_2,own_tree_raw,0.9500000000000001,0.6511057310917602,0.1269738978323635,0.42918536001588387
global_blend_own_tree_calibrated,kpx_group_2,own_tree_calibrated,0.45,0.6510952602058002,0.12465861138114602,0.42684913179274636
groupwise_extra_tree_kpx_group_2,kpx_group_2,own_tree_calibrated,0.45,0.6510952602058002,0.12465861138114602,0.42684913179274636
groupwise_extra_tree_kpx_group_2,kpx_group_2,own_tree_calibrated,0.4,0.651035018670283,0.12478577685401063,0.4268558141945767
global_blend_own_tree_calibrated,kpx_group_2,own_tree_calibrated,0.4,0.651035018670283,0.12478577685401063,0.4268558141945767
global_blend_own_tree_calibrated,kpx_group_2,own_tree_calibrated,0.9,0.6509723091048314,0.12659195693999745,0.42853657514966026
groupwise_extra_tree_kpx_group_2,kpx_group_2,own_tree_calibrated,0.9,0.6509723091048314,0.12659195693999745,0.42853657514966026
groupwise_extra_tree_kpx_group_2,kpx_group_2,own_tree_calibrated,0.9500000000000001,0.6508601743742018,0.1271398654319366,0.42886021418034026
global_blend_own_tree_calibrated,kpx_group_2,own_tree_calibrated,0.9500000000000001,0.6508601743742018,0.1271398654319366,0.42886021418034026
groupwise_extra_tree_kpx_group_2,kpx_group_2,own_tree_raw,0.55,0.6499916128402385,0.12340565463072278,0.4233888803111998
global_blend_own_tree_raw,kpx_group_2,own_tree_raw,0.55,0.6499916128402385,0.12340565463072278,0.4233888803111998
groupwise_extra_tree_kpx_group_2,kpx_group_2,own_tree_calibrated,0.35000000000000003,0.6499823251343961,0.12498824512699401,0.4249528953957862
global_blend_own_tree_calibrated,kpx_group_2,own_tree_calibrated,0.35000000000000003,0.6499823251343961,0.12498824512699401,0.4249528953957862
global_blend_own_tree_calibrated,kpx_group_2,own_tree_calibrated,0.30000000000000004,0.6494608073746762,0.12525991912584045,0.4241815338751927
groupwise_extra_tree_kpx_group_2,kpx_group_2,own_tree_calibrated,0.30000000000000004,0.6494608073746762,0.12525991912584045,0.4241815338751927
global_blend_own_tree_raw,kpx_group_2,own_tree_raw,0.5,0.6491735256068654,0.12330878801232144,0.4216558392260522
groupwise_extra_tree_kpx_group_2,kpx_group_2,own_tree_raw,0.5,0.6491735256068654,0.12330878801232144,0.4216558392260522
groupwise_extra_tree_kpx_group_2,kpx_group_2,own_tree_raw,0.45,0.6483533793768703,0.12328155337591366,0.41998831212965426
global_blend_own_tree_raw,kpx_group_2,own_tree_raw,0.45,0.6483533793768703,0.12328155337591366,0.41998831212965426
groupwise_extra_tree_kpx_group_2,kpx_group_2,own_tree_calibrated,0.25,0.6480263815764088,0.12559940734001762,0.4216521704928352
global_blend_own_tree_calibrated,kpx_group_2,own_tree_calibrated,0.25,0.6480263815764088,0.12559940734001762,0.4216521704928352
groupwise_extra_tree_kpx_group_2,kpx_group_2,own_tree_raw,0.4,0.6466802331215765,0.1233193903832301,0.4166798566263831
global_blend_own_tree_raw,kpx_group_2,own_tree_raw,0.4,0.6466802331215765,0.1233193903832301,0.4166798566263831
global_blend_own_tree_raw,kpx_group_2,own_tree_raw,0.35000000000000003,0.6464524653189929,0.12343327060424292,0.4163382012422288
groupwise_extra_tree_kpx_group_2,kpx_group_2,own_tree_raw,0.35000000000000003,0.6464524653189929,0.12343327060424292,0.4163382012422288
global_blend_own_tree_calibrated,kpx_group_2,own_tree_calibrated,0.2,0.6461278511133737,0.12600310667394715,0.4182588089006944
groupwise_extra_tree_kpx_group_2,kpx_group_2,own_tree_calibrated,0.2,0.6461278511133737,0.12600310667394715,0.4182588089006944
groupwise_extra_tree_kpx_group_2,kpx_group_2,own_tree_raw,0.30000000000000004,0.6448313970343263,0.12363562435986909,0.4132984184285218
global_blend_own_tree_raw,kpx_group_2,own_tree_raw,0.30000000000000004,0.6448313970343263,0.12363562435986909,0.4132984184285218
global_blend_own_tree_calibrated,kpx_group_2,own_tree_calibrated,0.15000000000000002,0.6442190633402318,0.1264596845157568,0.4148978111962205
groupwise_extra_tree_kpx_group_2,kpx_group_2,own_tree_calibrated,0.15000000000000002,0.6442190633402318,0.1264596845157568,0.4148978111962205
global_blend_own_tree_calibrated,kpx_group_2,own_tree_calibrated,0.1,0.6428406524761152,0.12697219419107025,0.4126534991433005
groupwise_extra_tree_kpx_group_2,kpx_group_2,own_tree_calibrated,0.1,0.6428406524761152,0.12697219419107025,0.4126534991433005
global_blend_own_tree_raw,kpx_group_2,own_tree_raw,0.25,0.6409841716684537,0.12390393550451069,0.4058722788414181
groupwise_extra_tree_kpx_group_2,kpx_group_2,own_tree_raw,0.25,0.6409841716684537,0.12390393550451069,0.4058722788414181
global_blend_own_tree_calibrated,kpx_group_2,own_tree_calibrated,0.05,0.6397254226299426,0.12754512941408847,0.4069959746739736
groupwise_extra_tree_kpx_group_2,kpx_group_2,own_tree_calibrated,0.05,0.6397254226299426,0.12754512941408847,0.4069959746739736
global_blend_own_tree_raw,kpx_group_2,own_tree_raw,0.2,0.6389648217014483,0.12422891051015536,0.402158553913052
groupwise_extra_tree_kpx_group_2,kpx_group_2,own_tree_raw,0.2,0.6389648217014483,0.12422891051015536,0.402158553913052
global_blend_own_tree_calibrated,kpx_group_2,own_tree_calibrated,0.0,0.6376569598880236,0.12817017856381585,0.40348409833986315
groupwise_extra_tree_kpx_group_2,kpx_group_2,own_tree_calibrated,0.0,0.6376569598880236,0.12817017856381585,0.40348409833986315
global_blend_own_tree_raw,kpx_group_2,own_tree_raw,0.15000000000000002,0.636958162741016,0.12462533312622427,0.39854165860825624
groupwise_extra_tree_kpx_group_2,kpx_group_2,own_tree_raw,0.15000000000000002,0.636958162741016,0.12462533312622427,0.39854165860825624
groupwise_extra_tree_kpx_group_1,kpx_group_1,own_tree_raw,1.0,0.6357359126586912,0.11819328476289118,0.3896651100802736
current_best,kpx_group_1,none,1.0,0.6357359126586912,0.11819328476289118,0.3896651100802736
global_blend_own_tree_calibrated,kpx_group_1,own_tree_calibrated,1.0,0.6357359126586912,0.11819328476289118,0.3896651100802736
global_blend_own_tree_raw,kpx_group_1,own_tree_raw,1.0,0.6357359126586912,0.11819328476289118,0.3896651100802736
groupwise_extra_tree_kpx_group_1,kpx_group_1,own_tree_calibrated,1.0,0.6357359126586912,0.11819328476289118,0.3896651100802736
global_blend_own_tree_raw,kpx_group_2,own_tree_raw,0.1,0.6346253239390103,0.12508298289848768,0.39433363077650807
groupwise_extra_tree_kpx_group_2,kpx_group_2,own_tree_raw,0.1,0.6346253239390103,0.12508298289848768,0.39433363077650807
groupwise_extra_tree_kpx_group_1,kpx_group_1,own_tree_calibrated,0.9500000000000001,0.6340387212600039,0.1180153236588619,0.38609276617886984
global_blend_own_tree_calibrated,kpx_group_1,own_tree_calibrated,0.9500000000000001,0.6340387212600039,0.1180153236588619,0.38609276617886984
global_blend_own_tree_raw,kpx_group_1,own_tree_raw,0.9500000000000001,0.6339177203017209,0.1179951679722922,0.38583060857573387
groupwise_extra_tree_kpx_group_1,kpx_group_1,own_tree_raw,0.9500000000000001,0.6339177203017209,0.1179951679722922,0.38583060857573387
groupwise_extra_tree_kpx_group_1,kpx_group_1,own_tree_raw,0.9,0.6332526146409232,0.11785434273468084,0.3843595720165272
global_blend_own_tree_raw,kpx_group_1,own_tree_raw,0.9,0.6332526146409232,0.11785434273468084,0.3843595720165272
groupwise_extra_tree_kpx_group_2,kpx_group_2,own_tree_raw,0.05,0.6331899379100208,0.1255989863961176,0.39197886221615913
global_blend_own_tree_raw,kpx_group_2,own_tree_raw,0.05,0.6331899379100208,0.1255989863961176,0.39197886221615913
groupwise_extra_tree_kpx_group_1,kpx_group_1,own_tree_calibrated,0.9,0.6330935742736382,0.11788868361769912,0.3840758321649756
global_blend_own_tree_calibrated,kpx_group_1,own_tree_calibrated,0.9,0.6330935742736382,0.11788868361769912,0.3840758321649756
global_blend_own_tree_calibrated,kpx_group_1,own_tree_calibrated,0.8,0.6322786861580725,0.11782458593284273,0.3823819582489876
groupwise_extra_tree_kpx_group_1,kpx_group_1,own_tree_calibrated,0.8,0.6322786861580725,0.11782458593284273,0.3823819582489876
global_blend_own_tree_calibrated,kpx_group_1,own_tree_calibrated,0.8500000000000001,0.6321465082339641,0.11782401895639638,0.3821170354243245
groupwise_extra_tree_kpx_group_1,kpx_group_1,own_tree_calibrated,0.8500000000000001,0.6321465082339641,0.11782401895639638,0.3821170354243245
global_blend_own_tree_raw,kpx_group_1,own_tree_raw,0.8500000000000001,0.6321294507452024,0.11777254660012122,0.38203144809052625
groupwise_extra_tree_kpx_group_1,kpx_group_1,own_tree_raw,0.8500000000000001,0.6321294507452024,0.11777254660012122,0.38203144809052625
global_blend_own_tree_raw,kpx_group_2,own_tree_raw,0.0,0.6320582983230577,0.12618235634616057,0.39029895299227596
groupwise_extra_tree_kpx_group_2,kpx_group_2,own_tree_raw,0.0,0.6320582983230577,0.12618235634616057,0.39029895299227596
groupwise_extra_tree_kpx_group_1,kpx_group_1,own_tree_calibrated,0.75,0.6312220325557844,0.11790086058188332,0.38034492569345196
global_blend_own_tree_calibrated,kpx_group_1,own_tree_calibrated,0.75,0.6312220325557844,0.11790086058188332,0.38034492569345196
groupwise_extra_tree_kpx_group_1,kpx_group_1,own_tree_raw,0.8,0.6310263483190119,0.11776602544590412,0.3798187220839281
global_blend_own_tree_raw,kpx_group_1,own_tree_raw,0.8,0.6310263483190119,0.11776602544590412,0.3798187220839281
groupwise_extra_tree_kpx_group_1,kpx_group_1,own_tree_calibrated,0.7000000000000001,0.6303820067295248,0.1180498498541411,0.3788138633131907
global_blend_own_tree_calibrated,kpx_group_1,own_tree_calibrated,0.7000000000000001,0.6303820067295248,0.1180498498541411,0.3788138633131907
groupwise_extra_tree_kpx_group_2,mean,own_tree_raw,0.8500000000000001,0.6303692077844832,,
groupwise_extra_tree_kpx_group_2,mean,own_tree_calibrated,0.7000000000000001,0.6303042905906727,,
groupwise_extra_tree_kpx_group_3,mean,own_tree_calibrated,0.9,0.630256891273795,,
groupwise_extra_tree_kpx_group_2,mean,own_tree_raw,0.8,0.6301841258112997,,
groupwise_extra_tree_kpx_group_2,mean,own_tree_calibrated,0.6000000000000001,0.6301290129446023,,
groupwise_extra_tree_kpx_group_2,mean,own_tree_raw,0.75,0.6300791884856977,,
groupwise_extra_tree_kpx_group_2,mean,own_tree_calibrated,0.8500000000000001,0.6300657210975416,,
groupwise_extra_tree_kpx_group_2,mean,own_tree_raw,0.9,0.6300611508870879,,
groupwise_extra_tree_kpx_group_2,mean,own_tree_calibrated,0.75,0.6300421713626493,,
groupwise_extra_tree_kpx_group_3,mean,own_tree_raw,0.9,0.6300367114268569,,
groupwise_extra_tree_kpx_group_2,mean,own_tree_calibrated,0.65,0.6300347876593164,,
groupwise_extra_tree_kpx_group_2,mean,own_tree_raw,0.65,0.629999017773824,,
groupwise_extra_tree_kpx_group_2,mean,own_tree_raw,0.6000000000000001,0.629933993393411,,
groupwise_extra_tree_kpx_group_3,mean,group2_tree_same_time_proxy,1.0,0.6299300838168669,,
groupwise_extra_tree_kpx_group_3,mean,group2_tree_transfer_features,1.0,0.6299300838168669,,
groupwise_extra_tree_kpx_group_3,mean,own_tree_calibrated,1.0,0.6299300838168669,,
groupwise_extra_tree_kpx_group_2,mean,own_tree_raw,1.0,0.6299300838168669,,
groupwise_extra_tree_kpx_group_3,mean,own_tree_raw,1.0,0.6299300838168669,,
groupwise_extra_tree_kpx_group_2,mean,own_tree_calibrated,1.0,0.6299300838168669,,
global_blend_own_tree_raw,mean,own_tree_raw,1.0,0.6299300838168669,,
groupwise_extra_tree_kpx_group_1,mean,own_tree_calibrated,1.0,0.6299300838168669,,
groupwise_extra_tree_kpx_group_1,mean,own_tree_raw,1.0,0.6299300838168669,,
global_blend_own_tree_calibrated,mean,own_tree_calibrated,1.0,0.6299300838168669,,
current_best,mean,none,1.0,0.6299300838168669,,
groupwise_extra_tree_kpx_group_3,mean,own_tree_calibrated,0.8500000000000001,0.6299196916434191,,
groupwise_extra_tree_kpx_group_2,mean,own_tree_raw,0.7000000000000001,0.629860775744204,,
groupwise_extra_tree_kpx_group_2,mean,own_tree_calibrated,0.55,0.6298511098895535,,
groupwise_extra_tree_kpx_group_2,mean,own_tree_calibrated,0.8,0.6298215263915156,,
groupwise_extra_tree_kpx_group_3,mean,own_tree_raw,0.9500000000000001,0.6298140523928716,,
global_blend_own_tree_calibrated,kpx_group_1,own_tree_calibrated,0.6000000000000001,0.6297867707668597,0.11852547526164907,0.37809901679536845
groupwise_extra_tree_kpx_group_1,kpx_group_1,own_tree_calibrated,0.6000000000000001,0.6297867707668597,0.11852547526164907,0.37809901679536845
groupwise_extra_tree_kpx_group_2,mean,own_tree_calibrated,0.5,0.6297657171561332,,
groupwise_extra_tree_kpx_group_1,kpx_group_1,own_tree_calibrated,0.65,0.6297451355126565,0.118254998300912,0.3777452693262251
global_blend_own_tree_calibrated,kpx_group_1,own_tree_calibrated,0.65,0.6297451355126565,0.118254998300912,0.3777452693262251
groupwise_extra_tree_kpx_group_2,mean,own_tree_raw,0.9500000000000001,0.6297424182646136,,
groupwise_extra_tree_kpx_group_2,mean,own_tree_calibrated,0.45,0.6297389279692936,,
groupwise_extra_tree_kpx_group_3,mean,group2_tree_transfer_features,0.9500000000000001,0.6297269125443906,,
groupwise_extra_tree_kpx_group_2,mean,own_tree_calibrated,0.4,0.6297188474574545,,
groupwise_extra_tree_kpx_group_2,mean,own_tree_calibrated,0.9,0.6296979442689706,,
groupwise_extra_tree_kpx_group_3,mean,own_tree_calibrated,0.8,0.6296965743351608,,
groupwise_extra_tree_kpx_group_3,mean,own_tree_calibrated,0.9500000000000001,0.6296741707155957,,
groupwise_extra_tree_kpx_group_2,mean,own_tree_calibrated,0.9500000000000001,0.6296605660254275,,
groupwise_extra_tree_kpx_group_3,mean,group2_tree_same_time_proxy,0.9500000000000001,0.629645060347237,,
groupwise_extra_tree_kpx_group_3,mean,own_tree_raw,0.8500000000000001,0.6296000742385223,,
global_blend_own_tree_raw,kpx_group_1,own_tree_raw,0.75,0.6294472531466182,0.11783052694324744,0.3767250332364839
groupwise_extra_tree_kpx_group_1,kpx_group_1,own_tree_raw,0.75,0.6294472531466182,0.11783052694324744,0.3767250332364839
groupwise_extra_tree_kpx_group_3,mean,group2_tree_transfer_features,0.9,0.6294241602876044,,
groupwise_extra_tree_kpx_group_2,mean,own_tree_raw,0.55,0.6293710455141064,,
groupwise_extra_tree_kpx_group_2,mean,own_tree_calibrated,0.35000000000000003,0.6293679496121589,,
groupwise_extra_tree_kpx_group_1,mean,own_tree_calibrated,0.9500000000000001,0.6293643533506378,,
groupwise_extra_tree_kpx_group_3,mean,own_tree_raw,0.8,0.629344858182815,,
global_blend_own_tree_raw,mean,own_tree_raw,0.9,0.6293400124911552,,
groupwise_extra_tree_kpx_group_1,mean,own_tree_raw,0.9500000000000001,0.6293240196978768,,
groupwise_extra_tree_kpx_group_3,mean,group2_tree_transfer_features,0.8500000000000001,0.629302846342323,,
groupwise_extra_tree_kpx_group_3,mean,group2_tree_same_time_proxy,0.9,0.629289127335073,,
groupwise_extra_tree_kpx_group_3,mean,group2_tree_same_time_proxy,0.8500000000000001,0.6292747294182576,,
groupwise_extra_tree_kpx_group_2,mean,own_tree_calibrated,0.30000000000000004,0.6291941103589189,,
global_blend_own_tree_calibrated,mean,own_tree_calibrated,0.9,0.6291439722642145,,
groupwise_extra_tree_kpx_group_3,mean,group2_tree_transfer_features,0.8,0.6291379774311388,,
groupwise_extra_tree_kpx_group_1,mean,own_tree_raw,0.9,0.6291023178109442,,
global_blend_own_tree_raw,kpx_group_1,own_tree_raw,0.7000000000000001,0.6291013049399407,0.11796661145142297,0.3761692213313042
groupwise_extra_tree_kpx_group_1,kpx_group_1,own_tree_raw,0.7000000000000001,0.6291013049399407,0.11796661145142297,0.3761692213313042
groupwise_extra_tree_kpx_group_2,mean,own_tree_raw,0.5,0.6290983497696486,,
groupwise_extra_tree_kpx_group_1,mean,own_tree_calibrated,0.9,0.6290493043551826,,
global_blend_own_tree_raw,mean,own_tree_raw,0.9500000000000001,0.6290203227216282,,
groupwise_extra_tree_kpx_group_3,mean,group2_tree_same_time_proxy,0.8,0.6288664229429773,,
global_blend_own_tree_calibrated,mean,own_tree_calibrated,0.8500000000000001,0.628858860782518,,
global_blend_own_tree_calibrated,mean,own_tree_calibrated,0.9500000000000001,0.6288389224579273,,
global_blend_own_tree_raw,mean,own_tree_raw,0.8500000000000001,0.6288370442349757,,
groupwise_extra_tree_kpx_group_2,mean,own_tree_raw,0.45,0.6288249676929837,,
groupwise_extra_tree_kpx_group_3,mean,own_tree_calibrated,0.75,0.6287873606825796,,
groupwise_extra_tree_kpx_group_1,mean,own_tree_calibrated,0.8,0.6287776749833273,,
global_blend_own_tree_calibrated,kpx_group_1,own_tree_calibrated,0.55,0.6287548321788072,0.11885824910850813,0.37636791346612275
groupwise_extra_tree_kpx_group_1,kpx_group_1,own_tree_calibrated,0.55,0.6287548321788072,0.11885824910850813,0.37636791346612275
groupwise_extra_tree_kpx_group_1,mean,own_tree_calibrated,0.8500000000000001,0.6287336156752913,,
groupwise_extra_tree_kpx_group_3,mean,group2_tree_transfer_features,0.75,0.628728600372705,,
groupwise_extra_tree_kpx_group_1,mean,own_tree_raw,0.8500000000000001,0.6287279298457039,,
groupwise_extra_tree_kpx_group_2,mean,own_tree_calibrated,0.25,0.6287159684261632,,
groupwise_extra_tree_kpx_group_3,mean,group2_tree_transfer_features,0.7000000000000001,0.6287044090812942,,
groupwise_extra_tree_kpx_group_3,mean,group2_tree_same_time_proxy,0.75,0.6287010814986357,,
groupwise_extra_tree_kpx_group_3,mean,own_tree_raw,0.75,0.6285358244586223,,
groupwise_extra_tree_kpx_group_3,mean,own_tree_calibrated,0.7000000000000001,0.6284558204989509,,
global_blend_own_tree_calibrated,mean,own_tree_calibrated,0.8,0.6284356080762699,,
groupwise_extra_tree_kpx_group_1,mean,own_tree_calibrated,0.75,0.6284254571158979,,
groupwise_extra_tree_kpx_group_3,mean,group2_tree_same_time_proxy,0.65,0.6283965658944003,,
groupwise_extra_tree_kpx_group_3,mean,group2_tree_transfer_features,0.65,0.6283713540887255,,
groupwise_extra_tree_kpx_group_1,mean,own_tree_raw,0.8,0.6283602290369739,,
groupwise_extra_tree_kpx_group_3,mean,group2_tree_same_time_proxy,0.7000000000000001,0.6283320453045995,,
groupwise_extra_tree_kpx_group_2,mean,own_tree_raw,0.4,0.6282672522745524,,
groupwise_extra_tree_kpx_group_2,mean,own_tree_raw,0.35000000000000003,0.6281913296736912,,
groupwise_extra_tree_kpx_group_3,mean,own_tree_raw,0.7000000000000001,0.628173928022695,,
groupwise_extra_tree_kpx_group_1,mean,own_tree_calibrated,0.7000000000000001,0.6281454485071448,,
groupwise_extra_tree_kpx_group_2,mean,own_tree_calibrated,0.2,0.6280831249384847,,
groupwise_extra_tree_kpx_group_3,mean,group2_tree_transfer_features,0.6000000000000001,0.6280602407208223,,
global_blend_own_tree_raw,mean,own_tree_raw,0.8,0.6280290453973548,,
groupwise_extra_tree_kpx_group_1,kpx_group_1,own_tree_calibrated,0.5,0.6279847121644895,0.1192534803412052,0.37522290467018404
global_blend_own_tree_calibrated,kpx_group_1,own_tree_calibrated,0.5,0.6279847121644895,0.1192534803412052,0.37522290467018404
groupwise_extra_tree_kpx_group_3,mean,group2_tree_same_time_proxy,0.6000000000000001,0.6279599952282321,,
groupwise_extra_tree_kpx_group_3,mean,own_tree_calibrated,0.65,0.6279487154621322,,
groupwise_extra_tree_kpx_group_1,mean,own_tree_calibrated,0.6000000000000001,0.6279470365195897,,
groupwise_extra_tree_kpx_group_1,mean,own_tree_calibrated,0.65,0.6279331581015221,,
groupwise_extra_tree_kpx_group_1,mean,own_tree_raw,0.75,0.6278338639795092,,
groupwise_extra_tree_kpx_group_3,mean,own_tree_raw,0.65,0.6277961804985158,,
groupwise_extra_tree_kpx_group_1,mean,own_tree_raw,0.7000000000000001,0.6277185479106168,,
groupwise_extra_tree_kpx_group_2,mean,own_tree_raw,0.30000000000000004,0.6276509735788023,,
groupwise_extra_tree_kpx_group_1,mean,own_tree_calibrated,0.55,0.627603056990239,,
groupwise_extra_tree_kpx_group_3,mean,group2_tree_transfer_features,0.55,0.6275070426062174,,
groupwise_extra_tree_kpx_group_3,mean,group2_tree_same_time_proxy,0.55,0.6274723132521905,,
groupwise_extra_tree_kpx_group_2,mean,own_tree_calibrated,0.15000000000000002,0.6274468623474375,,
groupwise_extra_tree_kpx_group_3,mean,own_tree_calibrated,0.6000000000000001,0.6274440614336149,,
groupwise_extra_tree_kpx_group_3,mean,own_tree_raw,0.6000000000000001,0.6274242418102084,,
global_blend_own_tree_calibrated,mean,own_tree_calibrated,0.75,0.6273948215273929,,
groupwise_extra_tree_kpx_group_1,mean,own_tree_calibrated,0.5,0.6273463503187997,,
groupwise_extra_tree_kpx_group_3,mean,group2_tree_same_time_proxy,0.5,0.6272059237378549,,
groupwise_extra_tree_kpx_group_3,mean,group2_tree_transfer_features,0.5,0.6271375126442825,,
global_blend_own_tree_calibrated,mean,own_tree_calibrated,0.7000000000000001,0.6270453919630345,,
groupwise_extra_tree_kpx_group_2,mean,own_tree_calibrated,0.1,0.6269873920593986,,
groupwise_extra_tree_kpx_group_1,mean,own_tree_calibrated,0.45,0.6269487848336028,,
groupwise_extra_tree_kpx_group_1,mean,own_tree_raw,0.65,0.6268638402505026,,
groupwise_extra_tree_kpx_group_3,mean,own_tree_raw,0.55,0.626834741837572,,
groupwise_extra_tree_kpx_group_1,kpx_group_1,own_tree_calibrated,0.45,0.6267920157088991,0.11969963554822792,0.37328366696602605
global_blend_own_tree_calibrated,kpx_group_1,own_tree_calibrated,0.45,0.6267920157088991,0.11969963554822792,0.37328366696602605
global_blend_own_tree_raw,mean,own_tree_raw,0.75,0.6265887092900954,,
global_blend_own_tree_raw,kpx_group_1,own_tree_raw,0.65,0.6265371819595981,0.11816343516767891,0.3712377990868751
groupwise_extra_tree_kpx_group_1,kpx_group_1,own_tree_raw,0.65,0.6265371819595981,0.11816343516767891,0.3712377990868751
groupwise_extra_tree_kpx_group_3,mean,own_tree_calibrated,0.55,0.6265292720285247,,
groupwise_extra_tree_kpx_group_1,mean,own_tree_raw,0.6000000000000001,0.6264386831469173,,
groupwise_extra_tree_kpx_group_3,mean,group2_tree_transfer_features,0.4,0.6264317498185352,,
groupwise_extra_tree_kpx_group_3,mean,group2_tree_transfer_features,0.45,0.626411502939838,,
groupwise_extra_tree_kpx_group_1,mean,own_tree_calibrated,0.4,0.6263776672204618,,
groupwise_extra_tree_kpx_group_2,mean,own_tree_raw,0.25,0.6263685651235115,,
groupwise_extra_tree_kpx_group_3,mean,group2_tree_same_time_proxy,0.45,0.6263351888503088,,
groupwise_extra_tree_kpx_group_1,mean,own_tree_calibrated,0.35000000000000003,0.6263213268315014,,
groupwise_extra_tree_kpx_group_3,mean,group2_tree_same_time_proxy,0.4,0.6261137407419616,,
groupwise_extra_tree_kpx_group_1,mean,own_tree_raw,0.55,0.6260750629519288,,
global_blend_own_tree_calibrated,mean,own_tree_calibrated,0.65,0.6260564935892369,,
groupwise_extra_tree_kpx_group_2,mean,own_tree_calibrated,0.05,0.6259489821106744,,
global_blend_own_tree_raw,mean,own_tree_raw,0.7000000000000001,0.6258930840437819,,
groupwise_extra_tree_kpx_group_3,mean,own_tree_calibrated,0.5,0.6258563922432151,,
groupwise_extra_tree_kpx_group_2,mean,own_tree_raw,0.2,0.625695448467843,,
global_blend_own_tree_calibrated,mean,own_tree_calibrated,0.6000000000000001,0.6256599432640731,,
groupwise_extra_tree_kpx_group_1,mean,own_tree_calibrated,0.30000000000000004,0.6256416025500228,,
groupwise_extra_tree_kpx_group_3,mean,group2_tree_transfer_features,0.35000000000000003,0.6256265469037047,,
groupwise_extra_tree_kpx_group_3,mean,group2_tree_transfer_features,0.30000000000000004,0.625603017539868,,
groupwise_extra_tree_kpx_group_3,mean,group2_tree_same_time_proxy,0.30000000000000004,0.6254879187358661,,
groupwise_extra_tree_kpx_group_3,mean,own_tree_raw,0.5,0.6254027498652002,,
groupwise_extra_tree_kpx_group_3,mean,group2_tree_same_time_proxy,0.35000000000000003,0.6254013062449961,,
groupwise_extra_tree_kpx_group_3,mean,group2_tree_transfer_features,0.25,0.6253164096156719,,
groupwise_extra_tree_kpx_group_1,kpx_group_1,own_tree_raw,0.6000000000000001,0.6252617106488425,0.11841127588011106,0.368934697177796
global_blend_own_tree_raw,kpx_group_1,own_tree_raw,0.6000000000000001,0.6252617106488425,0.11841127588011106,0.368934697177796
groupwise_extra_tree_kpx_group_2,mean,own_tree_calibrated,0.0,0.6252594945300347,,
groupwise_extra_tree_kpx_group_1,mean,own_tree_raw,0.5,0.6251409631630415,,
global_blend_own_tree_calibrated,kpx_group_1,own_tree_calibrated,0.4,0.6250786628694758,0.12020591785700775,0.3703632435959593
groupwise_extra_tree_kpx_group_1,kpx_group_1,own_tree_calibrated,0.4,0.6250786628694758,0.12020591785700775,0.3703632435959593
groupwise_extra_tree_kpx_group_3,mean,group2_tree_same_time_proxy,0.25,0.6250702025441187,,
groupwise_extra_tree_kpx_group_2,mean,own_tree_raw,0.15000000000000002,0.6250265621476989,,
global_blend_own_tree_calibrated,kpx_group_1,own_tree_calibrated,0.35000000000000003,0.6249096417025946,0.12077320479022799,0.370592488195417
groupwise_extra_tree_kpx_group_1,kpx_group_1,own_tree_calibrated,0.35000000000000003,0.6249096417025946,0.12077320479022799,0.370592488195417
groupwise_extra_tree_kpx_group_3,mean,group2_tree_transfer_features,0.2,0.6248701095385992,,
groupwise_extra_tree_kpx_group_1,mean,own_tree_calibrated,0.25,0.6248162744931695,,
groupwise_extra_tree_kpx_group_1,mean,own_tree_raw,0.45,0.624811172778401,,
global_blend_own_tree_raw,mean,own_tree_raw,0.65,0.6247988708891086,,
groupwise_extra_tree_kpx_group_3,mean,group2_tree_same_time_proxy,0.2,0.6244885699005766,,
groupwise_extra_tree_kpx_group_3,mean,group2_tree_transfer_features,0.15000000000000002,0.6243965753649561,,
groupwise_extra_tree_kpx_group_3,mean,own_tree_calibrated,0.45,0.6243515921264805,,
groupwise_extra_tree_kpx_group_1,mean,own_tree_calibrated,0.2,0.6242871666266289,,
groupwise_extra_tree_kpx_group_2,mean,own_tree_raw,0.1,0.624248949213697,,
groupwise_extra_tree_kpx_group_3,mean,own_tree_raw,0.45,0.6242075743515918,,
global_blend_own_tree_raw,kpx_group_1,own_tree_raw,0.55,0.624170850063877,0.11871877603023331,0.3670604761579872
groupwise_extra_tree_kpx_group_1,kpx_group_1,own_tree_raw,0.55,0.624170850063877,0.11871877603023331,0.3670604761579872
global_blend_own_tree_calibrated,mean,own_tree_calibrated,0.55,0.6241232712745833,,
groupwise_extra_tree_kpx_group_1,mean,own_tree_raw,0.4,0.6240994449696575,,
global_blend_own_tree_raw,mean,own_tree_raw,0.6000000000000001,0.6239367507168029,,
groupwise_extra_tree_kpx_group_2,mean,own_tree_raw,0.05,0.6237704872040338,,
groupwise_extra_tree_kpx_group_3,mean,group2_tree_same_time_proxy,0.15000000000000002,0.6237546426307835,,
groupwise_extra_tree_kpx_group_1,mean,own_tree_raw,0.35000000000000003,0.6237468216653793,,
groupwise_extra_tree_kpx_group_1,mean,own_tree_calibrated,0.15000000000000002,0.6236535347136651,,
groupwise_extra_tree_kpx_group_2,mean,own_tree_raw,0.0,0.6233932740083794,,
groupwise_extra_tree_kpx_group_3,mean,group2_tree_transfer_features,0.1,0.6233040597765748,,
groupwise_extra_tree_kpx_group_3,mean,group2_tree_same_time_proxy,0.1,0.6231192198828456,,
global_blend_own_tree_calibrated,mean,own_tree_calibrated,0.5,0.6231082920844142,,
groupwise_extra_tree_kpx_group_1,mean,own_tree_raw,0.30000000000000004,0.6230869622805338,,
groupwise_extra_tree_kpx_group_3,mean,group2_tree_transfer_features,0.05,0.6230839839974613,,
groupwise_extra_tree_kpx_group_3,mean,own_tree_calibrated,0.4,0.6230568997361052,,
groupwise_extra_tree_kpx_group_3,mean,own_tree_raw,0.4,0.6230455723728577,,
groupwise_extra_tree_kpx_group_1,mean,own_tree_calibrated,0.1,0.622876831961194,,
groupwise_extra_tree_kpx_group_1,kpx_group_1,own_tree_calibrated,0.30000000000000004,0.6228704688581588,0.12141281456553975,0.36715375228185726
global_blend_own_tree_calibrated,kpx_group_1,own_tree_calibrated,0.30000000000000004,0.6228704688581588,0.12141281456553975,0.36715375228185726
groupwise_extra_tree_kpx_group_1,mean,own_tree_raw,0.25,0.6226084895200839,,
groupwise_extra_tree_kpx_group_3,mean,group2_tree_transfer_features,0.0,0.6225923636924979,,
groupwise_extra_tree_kpx_group_3,mean,group2_tree_same_time_proxy,0.05,0.6225523227536571,,
global_blend_own_tree_raw,mean,own_tree_raw,0.55,0.6224206826698735,,
groupwise_extra_tree_kpx_group_1,mean,own_tree_calibrated,0.05,0.6222184214534145,,
groupwise_extra_tree_kpx_group_3,mean,group2_tree_same_time_proxy,0.0,0.622198931079966,,
groupwise_extra_tree_kpx_group_1,mean,own_tree_raw,0.2,0.6218986632828157,,
groupwise_extra_tree_kpx_group_3,mean,own_tree_calibrated,0.35000000000000003,0.6218631677290286,,
groupwise_extra_tree_kpx_group_3,mean,own_tree_raw,0.35000000000000003,0.6218348025869602,,
groupwise_extra_tree_kpx_group_1,mean,own_tree_calibrated,0.0,0.62170480327777,,
groupwise_extra_tree_kpx_group_3,mean,own_tree_calibrated,0.30000000000000004,0.6213977833056766,,
global_blend_own_tree_raw,kpx_group_1,own_tree_raw,0.5,0.621368550697215,0.11908379766039719,0.36182089905482717
groupwise_extra_tree_kpx_group_1,kpx_group_1,own_tree_raw,0.5,0.621368550697215,0.11908379766039719,0.36182089905482717
global_blend_own_tree_calibrated,mean,own_tree_calibrated,0.45,0.6211791372956431,,
groupwise_extra_tree_kpx_group_1,mean,own_tree_raw,0.15000000000000002,0.6209324941124738,,
groupwise_extra_tree_kpx_group_3,mean,own_tree_raw,0.30000000000000004,0.6209077733899347,,
groupwise_extra_tree_kpx_group_1,mean,own_tree_raw,0.1,0.6204281127263822,,
global_blend_own_tree_calibrated,kpx_group_1,own_tree_calibrated,0.25,0.6203944846875991,0.1221078077928313,0.36289677716802937
groupwise_extra_tree_kpx_group_1,kpx_group_1,own_tree_calibrated,0.25,0.6203944846875991,0.1221078077928313,0.36289677716802937
groupwise_extra_tree_kpx_group_1,kpx_group_1,own_tree_raw,0.45,0.6203791795432937,0.11950753478653439,0.36026589387312175
global_blend_own_tree_raw,kpx_group_1,own_tree_raw,0.45,0.6203791795432937,0.11950753478653439,0.36026589387312175
groupwise_extra_tree_kpx_group_3,mean,own_tree_calibrated,0.25,0.619848060310042,,
global_blend_own_tree_raw,mean,own_tree_raw,0.5,0.6197818951641565,,
groupwise_extra_tree_kpx_group_3,mean,own_tree_raw,0.25,0.6197493008926868,,
groupwise_extra_tree_kpx_group_1,mean,own_tree_raw,0.05,0.6195166175401944,,
global_blend_own_tree_calibrated,mean,own_tree_calibrated,0.4,0.6192932467802877,,
groupwise_extra_tree_kpx_group_3,mean,own_tree_raw,0.2,0.6190731040616659,,
groupwise_extra_tree_kpx_group_3,mean,own_tree_calibrated,0.2,0.6189767892485247,,
groupwise_extra_tree_kpx_group_1,mean,own_tree_raw,0.0,0.6189107985362392,,
groupwise_extra_tree_kpx_group_1,kpx_group_1,own_tree_calibrated,0.2,0.6188071610879771,0.12285646887797795,0.3604707910539321
global_blend_own_tree_calibrated,kpx_group_1,own_tree_calibrated,0.2,0.6188071610879771,0.12285646887797795,0.3604707910539321
groupwise_extra_tree_kpx_group_3,mean,own_tree_raw,0.15000000000000002,0.6182863293071075,,
global_blend_own_tree_raw,kpx_group_1,own_tree_raw,0.4,0.618243996117063,0.11999573728668199,0.35648372952080815
groupwise_extra_tree_kpx_group_1,kpx_group_1,own_tree_raw,0.4,0.618243996117063,0.11999573728668199,0.35648372952080815
groupwise_extra_tree_kpx_group_3,mean,own_tree_calibrated,0.15000000000000002,0.6180947394601332,,
global_blend_own_tree_raw,mean,own_tree_raw,0.45,0.6179835471892426,,
global_blend_own_tree_calibrated,mean,own_tree_calibrated,0.35000000000000003,0.6176922765389551,,
groupwise_extra_tree_kpx_group_3,mean,own_tree_raw,0.1,0.6176120341142796,,
groupwise_extra_tree_kpx_group_1,kpx_group_1,own_tree_raw,0.35000000000000003,0.6171861262042286,0.12054864836920888,0.3549209007776661
global_blend_own_tree_raw,kpx_group_1,own_tree_raw,0.35000000000000003,0.6171861262042286,0.12054864836920888,0.3549209007776661
groupwise_extra_tree_kpx_group_3,mean,own_tree_calibrated,0.1,0.6169741445326243,,
global_blend_own_tree_calibrated,kpx_group_1,own_tree_calibrated,0.15000000000000002,0.6169062653490859,0.12365029385130302,0.3574628245494747
groupwise_extra_tree_kpx_group_1,kpx_group_1,own_tree_calibrated,0.15000000000000002,0.6169062653490859,0.12365029385130302,0.3574628245494747
global_blend_own_tree_calibrated,mean,own_tree_calibrated,0.30000000000000004,0.6163733285808846,,
groupwise_extra_tree_kpx_group_3,mean,own_tree_raw,0.05,0.6163515300275774,,
groupwise_extra_tree_kpx_group_3,mean,own_tree_calibrated,0.05,0.6158361683681817,,
global_blend_own_tree_raw,mean,own_tree_raw,0.4,0.6155521019833338,,
groupwise_extra_tree_kpx_group_3,mean,own_tree_raw,0.0,0.6153587145259777,,
groupwise_extra_tree_kpx_group_1,kpx_group_1,own_tree_raw,0.30000000000000004,0.615206548049692,0.12116902181855811,0.351582117917942
global_blend_own_tree_raw,kpx_group_1,own_tree_raw,0.30000000000000004,0.615206548049692,0.12116902181855811,0.351582117917942
groupwise_extra_tree_kpx_group_3,mean,own_tree_calibrated,0.0,0.6149525783685976,,
groupwise_extra_tree_kpx_group_1,kpx_group_1,own_tree_calibrated,0.1,0.6145761570916727,0.12450467289499752,0.3536569870783429
global_blend_own_tree_calibrated,kpx_group_1,own_tree_calibrated,0.1,0.6145761570916727,0.12450467289499752,0.3536569870783429
global_blend_own_tree_raw,mean,own_tree_raw,0.35000000000000003,0.613912786292297,,
global_blend_own_tree_raw,kpx_group_1,own_tree_raw,0.25,0.6137711297683419,0.12184487037726223,0.34938712991394616
groupwise_extra_tree_kpx_group_1,kpx_group_1,own_tree_raw,0.25,0.6137711297683419,0.12184487037726223,0.34938712991394616
global_blend_own_tree_calibrated,mean,own_tree_calibrated,0.25,0.6135201355956409,,
groupwise_extra_tree_kpx_group_1,kpx_group_1,own_tree_calibrated,0.05,0.6126009255683341,0.12542774532131162,0.35062959645797986
global_blend_own_tree_calibrated,kpx_group_1,own_tree_calibrated,0.05,0.6126009255683341,0.12542774532131162,0.35062959645797986
global_blend_own_tree_raw,mean,own_tree_raw,0.30000000000000004,0.6117855416155371,,
groupwise_extra_tree_kpx_group_1,kpx_group_1,own_tree_raw,0.2,0.6116416510565374,0.12256729704992343,0.3458505991629984
global_blend_own_tree_raw,kpx_group_1,own_tree_raw,0.2,0.6116416510565374,0.12256729704992343,0.3458505991629984
global_blend_own_tree_calibrated,mean,own_tree_calibrated,0.2,0.6114869131799047,,
groupwise_extra_tree_kpx_group_1,kpx_group_1,own_tree_calibrated,0.0,0.6110600710414006,0.1264088888887004,0.34852903097150156
global_blend_own_tree_calibrated,kpx_group_1,own_tree_calibrated,0.0,0.6110600710414006,0.1264088888887004,0.34852903097150156
global_blend_own_tree_calibrated,mean,own_tree_calibrated,0.15000000000000002,0.6093349688875019,,
global_blend_own_tree_raw,mean,own_tree_raw,0.25,0.6088661879025482,,
groupwise_extra_tree_kpx_group_1,kpx_group_1,own_tree_raw,0.15000000000000002,0.608743143545512,0.12333044131408322,0.34081672840510707
global_blend_own_tree_raw,kpx_group_1,own_tree_raw,0.15000000000000002,0.608743143545512,0.12333044131408322,0.34081672840510707
groupwise_extra_tree_kpx_group_1,kpx_group_1,own_tree_raw,0.1,0.607229999387237,0.12415263650847894,0.3386126352829529
global_blend_own_tree_raw,kpx_group_1,own_tree_raw,0.1,0.607229999387237,0.12415263650847894,0.3386126352829529
global_blend_own_tree_calibrated,mean,own_tree_calibrated,0.1,0.6069782009194833,,
global_blend_own_tree_raw,mean,own_tree_raw,0.2,0.6068070481785908,,
groupwise_extra_tree_kpx_group_1,kpx_group_1,own_tree_raw,0.05,0.6044955138286738,0.1250262624595653,0.33401729011691283
global_blend_own_tree_raw,kpx_group_1,own_tree_raw,0.05,0.6044955138286738,0.1250262624595653,0.33401729011691283
global_blend_own_tree_raw,mean,own_tree_raw,0.15000000000000002,0.6043852179335464,,
global_blend_own_tree_calibrated,mean,own_tree_calibrated,0.05,0.6041434042985369,,
global_blend_own_tree_calibrated,kpx_group_3,own_tree_calibrated,0.9,0.6033660334141738,0.1360976878415557,0.3428297546699034
groupwise_extra_tree_kpx_group_3,kpx_group_3,own_tree_calibrated,0.9,0.6033660334141738,0.1360976878415557,0.3428297546699034
groupwise_extra_tree_kpx_group_3,kpx_group_3,own_tree_raw,0.9,0.6027054938733594,0.13606748701567115,0.34147847476238985
global_blend_own_tree_raw,kpx_group_3,own_tree_raw,0.9,0.6027054938733594,0.13606748701567115,0.34147847476238985
global_blend_own_tree_raw,kpx_group_1,own_tree_raw,0.0,0.602678056816808,0.12594605486927468,0.33130216850289074
groupwise_extra_tree_kpx_group_1,kpx_group_1,own_tree_raw,0.0,0.602678056816808,0.12594605486927468,0.33130216850289074
global_blend_own_tree_raw,mean,own_tree_raw,0.1,0.6024289284206249,,
groupwise_extra_tree_kpx_group_3,kpx_group_3,own_tree_raw,1.0,0.6023856110433894,0.13824231720791708,0.3430135392946957
global_blend_own_tree_raw,kpx_group_3,own_tree_raw,1.0,0.6023856110433894,0.13824231720791708,0.3430135392946957
current_best,kpx_group_3,none,1.0,0.6023856110433894,0.13824231720791708,0.3430135392946957
groupwise_extra_tree_kpx_group_3,kpx_group_3,group2_tree_same_time_proxy,1.0,0.6023856110433894,0.13824231720791708,0.3430135392946957
groupwise_extra_tree_kpx_group_3,kpx_group_3,own_tree_calibrated,1.0,0.6023856110433894,0.13824231720791708,0.3430135392946957
global_blend_own_tree_calibrated,kpx_group_3,own_tree_calibrated,1.0,0.6023856110433894,0.13824231720791708,0.3430135392946957
groupwise_extra_tree_kpx_group_3,kpx_group_3,group2_tree_transfer_features,1.0,0.6023856110433894,0.13824231720791708,0.3430135392946957
groupwise_extra_tree_kpx_group_3,kpx_group_3,own_tree_calibrated,0.8500000000000001,0.6023544345230462,0.13530337297100828,0.3400122420171006
global_blend_own_tree_calibrated,kpx_group_3,own_tree_calibrated,0.8500000000000001,0.6023544345230462,0.13530337297100828,0.3400122420171006
global_blend_own_tree_calibrated,mean,own_tree_calibrated,0.0,0.6020567085426686,,
global_blend_own_tree_raw,kpx_group_3,own_tree_raw,0.9500000000000001,0.6020375167714037,0.13706892672880172,0.34114396027160915
groupwise_extra_tree_kpx_group_3,kpx_group_3,own_tree_raw,0.9500000000000001,0.6020375167714037,0.13706892672880172,0.34114396027160915
groupwise_extra_tree_kpx_group_3,kpx_group_3,group2_tree_transfer_features,0.9500000000000001,0.6017760972259608,0.13799277875212973,0.34154497320405147
groupwise_extra_tree_kpx_group_3,kpx_group_3,own_tree_calibrated,0.8,0.6016850825982712,0.1346526450511427,0.33802281024768527
global_blend_own_tree_calibrated,kpx_group_3,own_tree_calibrated,0.8,0.6016850825982712,0.1346526450511427,0.33802281024768527
global_blend_own_tree_calibrated,kpx_group_3,own_tree_calibrated,0.9500000000000001,0.6016178717395759,0.13708130255217107,0.34031704603132285
groupwise_extra_tree_kpx_group_3,kpx_group_3,own_tree_calibrated,0.9500000000000001,0.6016178717395759,0.13708130255217107,0.34031704603132285
groupwise_extra_tree_kpx_group_3,kpx_group_3,group2_tree_same_time_proxy,0.9500000000000001,0.6015305406344997,0.13803131350445064,0.3410923947734502
groupwise_extra_tree_kpx_group_3,kpx_group_3,own_tree_raw,0.8500000000000001,0.6013955823083554,0.13524580081240964,0.3380369654291205
global_blend_own_tree_raw,kpx_group_3,own_tree_raw,0.8500000000000001,0.6013955823083554,0.13524580081240964,0.3380369654291205
groupwise_extra_tree_kpx_group_3,kpx_group_3,group2_tree_transfer_features,0.9,0.6008678404556018,0.1378081163119128,0.33954379722311634
global_blend_own_tree_raw,kpx_group_3,own_tree_raw,0.8,0.600629934141234,0.13456965933978496,0.3358295276222528
groupwise_extra_tree_kpx_group_3,kpx_group_3,own_tree_raw,0.8,0.600629934141234,0.13456965933978496,0.3358295276222528
groupwise_extra_tree_kpx_group_3,kpx_group_3,group2_tree_transfer_features,0.8500000000000001,0.6005038986197577,0.13768793063874246,0.33869572787825786
groupwise_extra_tree_kpx_group_3,kpx_group_3,group2_tree_same_time_proxy,0.9,0.6004627415980077,0.13788823088457433,0.3388137140805899
groupwise_extra_tree_kpx_group_3,kpx_group_3,group2_tree_same_time_proxy,0.8500000000000001,0.6004195478475616,0.13781478872157332,0.3386538844166965
groupwise_extra_tree_kpx_group_3,kpx_group_3,group2_tree_transfer_features,0.8,0.6000092918862051,0.13763082379508404,0.33764940756749423
global_blend_own_tree_raw,mean,own_tree_raw,0.05,0.5997784671380718,,
groupwise_extra_tree_kpx_group_3,kpx_group_3,group2_tree_same_time_proxy,0.8,0.5991946284217209,0.13780885090075579,0.33619810774419756
groupwise_extra_tree_kpx_group_3,kpx_group_3,own_tree_calibrated,0.75,0.5989574416405274,0.13417750851834484,0.33209239179939976
global_blend_own_tree_calibrated,kpx_group_3,own_tree_calibrated,0.75,0.5989574416405274,0.13417750851834484,0.33209239179939976
groupwise_extra_tree_kpx_group_3,kpx_group_3,group2_tree_transfer_features,0.75,0.5987811607109034,0.13763776498653935,0.33520008640834603
groupwise_extra_tree_kpx_group_3,kpx_group_3,group2_tree_transfer_features,0.7000000000000001,0.5987085868366716,0.1377037368125118,0.3351209104858551
groupwise_extra_tree_kpx_group_3,kpx_group_3,group2_tree_same_time_proxy,0.75,0.5986986040886959,0.1378720210916083,0.335269229269
groupwise_extra_tree_kpx_group_3,kpx_group_3,own_tree_raw,0.75,0.5982028329686557,0.13407248532662874,0.3304781512639401
global_blend_own_tree_raw,kpx_group_3,own_tree_raw,0.75,0.5982028329686557,0.13407248532662874,0.3304781512639401
global_blend_own_tree_calibrated,kpx_group_3,own_tree_calibrated,0.7000000000000001,0.5979628210896415,0.13390626853382143,0.3298319107131044
groupwise_extra_tree_kpx_group_3,kpx_group_3,own_tree_calibrated,0.7000000000000001,0.5979628210896415,0.13390626853382143,0.3298319107131044
global_blend_own_tree_raw,mean,own_tree_raw,0.0,0.5978026194368625,,
groupwise_extra_tree_kpx_group_3,kpx_group_3,group2_tree_same_time_proxy,0.65,0.5977850572759899,0.13815627260168323,0.3337263871536629
groupwise_extra_tree_kpx_group_3,kpx_group_3,group2_tree_transfer_features,0.65,0.5977094218589651,0.13781988801763,0.3332387317355603
groupwise_extra_tree_kpx_group_3,kpx_group_3,group2_tree_same_time_proxy,0.7000000000000001,0.5975914955065872,0.13798582014806224,0.3331688111612367
groupwise_extra_tree_kpx_group_3,kpx_group_3,own_tree_raw,0.7000000000000001,0.5971171436608738,0.13377299881357121,0.32800728613531865
global_blend_own_tree_raw,kpx_group_3,own_tree_raw,0.7000000000000001,0.5971171436608738,0.13377299881357121,0.32800728613531865
groupwise_extra_tree_kpx_group_3,kpx_group_3,group2_tree_transfer_features,0.6000000000000001,0.5967760817552558,0.13799260738957714,0.33154477090008866
groupwise_extra_tree_kpx_group_3,kpx_group_3,group2_tree_same_time_proxy,0.6000000000000001,0.5964753452774852,0.1383861851607667,0.3313368757157373
groupwise_extra_tree_kpx_group_3,kpx_group_3,own_tree_calibrated,0.65,0.5964415059791852,0.13388701392394117,0.3267700258823115
global_blend_own_tree_calibrated,kpx_group_3,own_tree_calibrated,0.65,0.5964415059791852,0.13388701392394117,0.3267700258823115
global_blend_own_tree_raw,kpx_group_3,own_tree_raw,0.65,0.5959839010883361,0.13370877111146245,0.3256765732881345
groupwise_extra_tree_kpx_group_3,kpx_group_3,own_tree_raw,0.65,0.5959839010883361,0.13370877111146245,0.3256765732881345
groupwise_extra_tree_kpx_group_3,kpx_group_3,group2_tree_transfer_features,0.55,0.595116487411441,0.1382166231460838,0.32844959796896567
groupwise_extra_tree_kpx_group_3,kpx_group_3,group2_tree_same_time_proxy,0.55,0.5950122993493606,0.13866797143671947,0.32869257013544073
global_blend_own_tree_calibrated,kpx_group_3,own_tree_calibrated,0.6000000000000001,0.5949275438936334,0.13413320231988404,0.3239882901071508
groupwise_extra_tree_kpx_group_3,kpx_group_3,own_tree_calibrated,0.6000000000000001,0.5949275438936334,0.13413320231988404,0.3239882901071508
global_blend_own_tree_raw,kpx_group_3,own_tree_raw,0.6000000000000001,0.5948680850234138,0.13389855038275858,0.32363472042958624
groupwise_extra_tree_kpx_group_3,kpx_group_3,own_tree_raw,0.6000000000000001,0.5948680850234138,0.13389855038275858,0.32363472042958624
groupwise_extra_tree_kpx_group_3,kpx_group_3,group2_tree_same_time_proxy,0.5,0.5942131308063534,0.13901139313210079,0.3274376547448075
groupwise_extra_tree_kpx_group_3,kpx_group_3,group2_tree_transfer_features,0.5,0.5940078975256362,0.13850099204609964,0.3265167870973721
global_blend_own_tree_raw,kpx_group_3,own_tree_raw,0.55,0.593099585105505,0.1343186001055142,0.3205177703165243
groupwise_extra_tree_kpx_group_3,kpx_group_3,own_tree_raw,0.55,0.593099585105505,0.1343186001055142,0.3205177703165243
global_blend_own_tree_calibrated,kpx_group_3,own_tree_calibrated,0.55,0.592183175678363,0.1345965993882107,0.3189629507449366
groupwise_extra_tree_kpx_group_3,kpx_group_3,own_tree_calibrated,0.55,0.592183175678363,0.1345965993882107,0.3189629507449366
groupwise_extra_tree_kpx_group_3,kpx_group_3,group2_tree_transfer_features,0.4,0.5918906090483944,0.13919847304693903,0.32297969114372793
groupwise_extra_tree_kpx_group_3,kpx_group_3,group2_tree_transfer_features,0.45,0.5918298684123029,0.13882561014293793,0.3224853469675438
groupwise_extra_tree_kpx_group_3,kpx_group_3,group2_tree_same_time_proxy,0.45,0.5916009261437152,0.13939852539519326,0.3226003776826237
groupwise_extra_tree_kpx_group_3,kpx_group_3,group2_tree_same_time_proxy,0.4,0.5909365818186733,0.13983053473790955,0.3217036983752561
global_blend_own_tree_calibrated,kpx_group_3,own_tree_calibrated,0.5,0.5901645363224343,0.13524471193022955,0.31557378457509816
groupwise_extra_tree_kpx_group_3,kpx_group_3,own_tree_calibrated,0.5,0.5901645363224343,0.13524471193022955,0.31557378457509816
groupwise_extra_tree_kpx_group_3,kpx_group_3,group2_tree_transfer_features,0.35000000000000003,0.5894750003039027,0.13961839243840873,0.31856839304621387
groupwise_extra_tree_kpx_group_3,kpx_group_3,group2_tree_transfer_features,0.30000000000000004,0.5894044122123929,0.14008117226296532,0.3188899966877512
groupwise_extra_tree_kpx_group_3,kpx_group_3,group2_tree_same_time_proxy,0.30000000000000004,0.5890591158003871,0.14084028584337663,0.3189585174441506
groupwise_extra_tree_kpx_group_3,kpx_group_3,own_tree_raw,0.5,0.5888036091883893,0.13491339229515295,0.31252061067193154
global_blend_own_tree_raw,kpx_group_3,own_tree_raw,0.5,0.5888036091883893,0.13491339229515295,0.31252061067193154
groupwise_extra_tree_kpx_group_3,kpx_group_3,group2_tree_same_time_proxy,0.35000000000000003,0.5887992783277772,0.14030492956096136,0.3179034862165157
groupwise_extra_tree_kpx_group_3,kpx_group_3,group2_tree_transfer_features,0.25,0.5885445884398046,0.14062018047446692,0.317709357354076
groupwise_extra_tree_kpx_group_3,kpx_group_3,group2_tree_same_time_proxy,0.25,0.5878059672251449,0.1414468268918262,0.31705876134211597
groupwise_extra_tree_kpx_group_3,kpx_group_3,group2_tree_transfer_features,0.2,0.5872056882085864,0.141212651425078,0.31562402784225085
groupwise_extra_tree_kpx_group_3,kpx_group_3,group2_tree_same_time_proxy,0.2,0.5860610692945183,0.14209694401579404,0.31421908260483045
groupwise_extra_tree_kpx_group_3,kpx_group_3,group2_tree_transfer_features,0.15000000000000002,0.5857850856876569,0.14184587412122282,0.3134160454965365
global_blend_own_tree_calibrated,kpx_group_3,own_tree_calibrated,0.45,0.5856501359722303,0.13605266931023716,0.30735294125469775
groupwise_extra_tree_kpx_group_3,kpx_group_3,own_tree_calibrated,0.45,0.5856501359722303,0.13605266931023716,0.30735294125469775
groupwise_extra_tree_kpx_group_3,kpx_group_3,own_tree_raw,0.45,0.585218082647564,0.1356561829036933,0.3060923481988214
global_blend_own_tree_raw,kpx_group_3,own_tree_raw,0.45,0.585218082647564,0.1356561829036933,0.3060923481988214
groupwise_extra_tree_kpx_group_3,kpx_group_3,group2_tree_same_time_proxy,0.15000000000000002,0.5838592874851393,0.14279269324589786,0.3105112682161764
groupwise_extra_tree_kpx_group_3,kpx_group_3,group2_tree_transfer_features,0.1,0.5825075389225131,0.14252444787465815,0.3075395257196842
groupwise_extra_tree_kpx_group_3,kpx_group_3,group2_tree_same_time_proxy,0.1,0.5819530192413253,0.1435502669378106,0.3074563054204611
groupwise_extra_tree_kpx_group_3,kpx_group_3,group2_tree_transfer_features,0.05,0.5818473115851728,0.1432566051165759,0.30695122828692156
global_blend_own_tree_calibrated,kpx_group_3,own_tree_calibrated,0.4,0.5817660588011044,0.13701114764453795,0.3005432652467468
groupwise_extra_tree_kpx_group_3,kpx_group_3,own_tree_calibrated,0.4,0.5817660588011044,0.13701114764453795,0.3005432652467468
global_blend_own_tree_raw,kpx_group_3,own_tree_raw,0.4,0.5817320767113617,0.13658943431166135,0.3000535877343849
groupwise_extra_tree_kpx_group_3,kpx_group_3,own_tree_raw,0.4,0.5817320767113617,0.13658943431166135,0.3000535877343849
groupwise_extra_tree_kpx_group_3,kpx_group_3,group2_tree_transfer_features,0.0,0.5803724506702825,0.14404858796996778,0.3047934893105329
groupwise_extra_tree_kpx_group_3,kpx_group_3,group2_tree_same_time_proxy,0.05,0.5802523278537601,0.14436995387151924,0.3048746095790396
groupwise_extra_tree_kpx_group_3,kpx_group_3,group2_tree_same_time_proxy,0.0,0.5791921528326869,0.14524122166325273,0.3036255273286265
global_blend_own_tree_calibrated,kpx_group_3,own_tree_calibrated,0.35000000000000003,0.5781848627798745,0.13813999033918983,0.2945097158989388
groupwise_extra_tree_kpx_group_3,kpx_group_3,own_tree_calibrated,0.35000000000000003,0.5781848627798745,0.13813999033918983,0.2945097158989388
global_blend_own_tree_raw,kpx_group_3,own_tree_raw,0.35000000000000003,0.5780997673536693,0.13767366254292396,0.2938731972502627
groupwise_extra_tree_kpx_group_3,kpx_group_3,own_tree_raw,0.35000000000000003,0.5780997673536693,0.13767366254292396,0.2938731972502627
global_blend_own_tree_calibrated,kpx_group_3,own_tree_calibrated,0.30000000000000004,0.5767887095098188,0.13943153163695973,0.2930089506565972
groupwise_extra_tree_kpx_group_3,kpx_group_3,own_tree_calibrated,0.30000000000000004,0.5767887095098188,0.13943153163695973,0.2930089506565972
groupwise_extra_tree_kpx_group_3,kpx_group_3,own_tree_raw,0.30000000000000004,0.5753186797625931,0.1389109488039615,0.2895483083291477
global_blend_own_tree_raw,kpx_group_3,own_tree_raw,0.30000000000000004,0.5753186797625931,0.1389109488039615,0.2895483083291477
global_blend_own_tree_calibrated,kpx_group_3,own_tree_calibrated,0.25,0.5721395405229148,0.14088857313064038,0.2851676541764701
groupwise_extra_tree_kpx_group_3,kpx_group_3,own_tree_calibrated,0.25,0.5721395405229148,0.14088857313064038,0.2851676541764701
global_blend_own_tree_raw,kpx_group_3,own_tree_raw,0.25,0.5718432622708489,0.14029660134556696,0.2839831258872647
groupwise_extra_tree_kpx_group_3,kpx_group_3,own_tree_raw,0.25,0.5718432622708489,0.14029660134556696,0.2839831258872647
groupwise_extra_tree_kpx_group_3,kpx_group_3,own_tree_raw,0.2,0.5698146717777866,0.1418605955844576,0.2814899391400307
global_blend_own_tree_raw,kpx_group_3,own_tree_raw,0.2,0.5698146717777866,0.1418605955844576,0.2814899391400307
global_blend_own_tree_calibrated,kpx_group_3,own_tree_calibrated,0.2,0.569525727338363,0.1425371044052155,0.2815885590819415
groupwise_extra_tree_kpx_group_3,kpx_group_3,own_tree_calibrated,0.2,0.569525727338363,0.1425371044052155,0.2815885590819415
groupwise_extra_tree_kpx_group_3,kpx_group_3,own_tree_raw,0.15000000000000002,0.5674543475141112,0.14357932455787809,0.2784880195861004
global_blend_own_tree_raw,kpx_group_3,own_tree_raw,0.15000000000000002,0.5674543475141112,0.14357932455787809,0.2784880195861004
global_blend_own_tree_calibrated,kpx_group_3,own_tree_calibrated,0.15000000000000002,0.566879577973188,0.14433033951148155,0.27808949545785755
groupwise_extra_tree_kpx_group_3,kpx_group_3,own_tree_calibrated,0.15000000000000002,0.566879577973188,0.14433033951148155,0.27808949545785755
global_blend_own_tree_raw,kpx_group_3,own_tree_raw,0.1,0.5654314619356274,0.1454274575368708,0.2762903814081257
groupwise_extra_tree_kpx_group_3,kpx_group_3,own_tree_raw,0.1,0.5654314619356274,0.1454274575368708,0.2762903814081257
groupwise_extra_tree_kpx_group_3,kpx_group_3,own_tree_calibrated,0.1,0.5635177931906619,0.1462621308533044,0.27329771723462803
global_blend_own_tree_calibrated,kpx_group_3,own_tree_calibrated,0.1,0.5635177931906619,0.1462621308533044,0.27329771723462803
global_blend_own_tree_raw,kpx_group_3,own_tree_raw,0.05,0.5616499496755207,0.14742553284917717,0.27072543220021855
groupwise_extra_tree_kpx_group_3,kpx_group_3,own_tree_raw,0.05,0.5616499496755207,0.14742553284917717,0.27072543220021855
global_blend_own_tree_calibrated,kpx_group_3,own_tree_calibrated,0.05,0.5601038646973338,0.14835475278781907,0.2685624821824867
groupwise_extra_tree_kpx_group_3,kpx_group_3,own_tree_calibrated,0.05,0.5601038646973338,0.14835475278781907,0.2685624821824867
global_blend_own_tree_raw,kpx_group_3,own_tree_raw,0.0,0.5586715031707217,0.14957498053754453,0.26691798687898793
groupwise_extra_tree_kpx_group_3,kpx_group_3,own_tree_raw,0.0,0.5586715031707217,0.14957498053754453,0.26691798687898793
global_blend_own_tree_calibrated,kpx_group_3,own_tree_calibrated,0.0,0.5574530946985815,0.15063057377773664,0.26553676317489977
groupwise_extra_tree_kpx_group_3,kpx_group_3,own_tree_calibrated,0.0,0.5574530946985815,0.15063057377773664,0.26553676317489977
